,name,industry,headquarters,founded;;;;;
0,85°C Bakery Cafe,Food and Beverage,Taipei,2004;;;;;
1,10.or,Smartphones,Taipei,2004;;;;;
"2,2U (company),Smartphones,""Lanham, Maryland"",2008";;;;;
3,3i,Corporate finance,London,1945;;;;;
"4,3M,Conglomerate,London,""June 13, 1902";;;;;
5,7-Eleven,Retail (convenience stores),London,1927 (95 years ago) (1927) (as Southland Ice Company),;;;;;
6,4F (company),Textile,Wieliczka,2007;;;;;
"7,Ajinomoto,Food Biotechnology,""Ch??, Tokyo"",17 June 1917";;;;;
"8,ABN AMRO,Financial services,Amsterdam,""September 21, 1991";;;;;
"9,Abbott Laboratories,Health care Medical devices Pharmaceutical,Illinois,""1888";;;;;
"10,Abiomed,Medical Devices,""Danvers, Massachusetts"",1981";;;;;
"11,AbbVie,Biopharmaceutical,""North Chicago, Illinois"",2013";;;;;
12,Accenture,Professional services Information technology Consulting,Dublin,1989;;;;;
13,ANZ (bank),Banking Financial services,Collins Street,1 October 1970;;;;;
14,Acer Inc.,Electronics,Collins Street,1 August 1976;;;;;
"15,Activision Blizzard,Video games,Collins Street,""July 10, 2008";;;;;
"16,Adidas,""Textile, footwear"",Collins Street,""July 1924";;" 73 years ago (1949-08-18) (as Adidas)[1]"",""Worldwide (except North Korea, Russia, Turkmenistan, Afghanistan, South Sudan, Chad and Palestine)""";;;
"17,Aldi,Retail,Essen,""10 July 1946";;;;;
"18,Adient,Retail,""Plymouth, Michigan, U.S."",""October 31, 2016";;;;;
19,Aditi Technologies,IT Services IT Consulting,Bellevue,1994,;;;;;
20,Aditya Birla Group,Conglomerate,Mumbai,1857;;;;;
"21,AMD,Semiconductors Artificial intelligence GPUs Graphics cards Consumer electronics Video games Computer hardware,Mumbai,""May 1, 1969";;;;;
22,Aegon N.V.,Financial services,Mumbai,1983;;;;;
"23,AEON (company),Retail,Mihama-ku,""1758";;;;;
24,Ahold Delhaize,Retail Wholesaling,Zaandam,25 July 2016;;;;;
"25,Asics,""Sports equipment, textile"",Zaandam,""September 1, 1949";;" 45 years ago (1977) (renamed to Asics)"",Worldwide";;;
"26,Airbus,""Aerospace, defence"",,18 December 1970";;;;;
27,AkzoNobel,Chemicals,Amsterdam,1994;;;;;
"28,Akai,Electronics,Hong Kong,""as Akai Electric Company Ltd, Tokyo, Japan (1946";;;;;
"29,Alfa Laval,""Manufacturing, engineering and service"",Lund,1883";;;;;
"30,All Nippon Airways,""Manufacturing, engineering and service"",Shiodome City Center,27 December 1952";;;;;
"31,Alliance Global,""Manufacturing, engineering and service"",Taguig,""Manila, Philippines October 12, 1993";;;;;
32,Allianz,Financial services,Munich,5 February 1890;;;;;
"33,Alibaba Group,Technology company,[2],""28 June 1999";;;;;
34,Almarai,Food processing,[2],1977;;;;;
35,Alstom,Rail transport,Saint-Ouen-sur-Seine,1928;;;;;
"36,Alphabet Inc.,Conglomerate,Googleplex,""October 2, 2015";;;;;
37,Altice (company),Telecommunications Mass media,Googleplex,2001;;;;;
"38,Altria,Tobacco,Reynolds Metals Company International Headquarters,""1985";;;;;
"39,Amazon (company),E-commerce Cloud Computing Artificial intelligence Consumer electronics Entertainment Digital distribution Self-driving cars Supermarket,Reynolds Metals Company International Headquarters,""July 5, 1994";;;;;
40,Amcor,Packaging,Zurich,1896;;;;;
"41,American Airlines Group,Aviation,""Fort Worth, Texas"",""December 9, 2013";;;;;
"42,American International Group,Financial services,""New York City, New York"",""December 19, 1919";;;;;
"43,Andritz AG,Industrial processing,""New York City, New York"",1852";;;;;
44,Aon (company),Professional services,London,1982;;;;;
45,Apollo Tyres,Tyres,Gurugram,1972;;;;;
"46,Apple Inc.,Consumer electronics Software services Online services,1 Apple Park Way,""April 1, 1976";;;;;
47,Grupo Arcor,Consumer electronics Software services Online services,1 Apple Park Way,5 July 1951;;;;;
48,Assicurazioni Generali,Financial services,1 Apple Park Way,1831;;;;;
49,Aston Martin,Automotive,Gaydon,15 January 1913;;;;;
50,Asus,Computer hardware Electronics Networking hardware,Beitou District,2 April 1989;;;;;
51,Asus,Computer hardware Electronics Networking hardware,Beitou District,2 April 1989;;;;;
"52,AT&T,Telecommunications Technology,Whitacre Tower,""October 5, 1983";;;;;
"53,Atari,Telecommunications Technology,Whitacre Tower,""October 5, 1983";;;;;
54,Avast,Computer software,Whitacre Tower,1988;;;;;
"55,Avianca,Computer software,Registered office:,""December 5, 1919";;;;;
56,Axa,Financial services,Paris,1816;;;;;
57,Axiata,Telecommunications,Paris,12 June 1992;;;;;
58,Axis Bank,Financial services,Maharashtra,3 December 1993;;;;;
"59,BP,Oil and gas,London,""14 April 1909 (1909-04-14) (as the Anglo-Persian Oil Company) 10 January 1870 (1870-01-10) (as Standard Oil, which partially broke up into Standard Oil of Ohio, ARCO, and Amoco which all merged into BP) 16 December 1954";;;;;
"60,Baker Hughes,Petroleum industry,""Houston, Texas"",1907";;;;;
"61,Ball Corporation,""Packaging, aerospace"",""Broomfield, Colorado"",1880";;;;;
"62,Bacardi,Beverage,""Hamilton, Bermuda"",4 February 1862 Santiago de Cuba,";;;;;
"63,Banco Bilbao Vizcaya Argentaria,Financial services,""Hamilton, Bermuda"",""Bilbao, Spain May 28, 1857";;;;;
"64,Banco Santander,Financial services,""Hamilton, Bermuda"",15 May 1857";;;;;
"65,Bandai Namco Entertainment,Video games,""Minato-ku, Tokyo"",31 March 2006";;;;;
66,Bank of India,Banking Financial services,Mumbai,7 September 1906;;;;;
67,Bank of Ireland,Banking Financial services,Ballsbridge,5 April 1783;;;;;
"68,Bank of Montreal,Financial services,,""Montreal Bank (23 June 1817";;" 200 years ago (1822-07-22))"",";;;
"69,Barclays,Banking Financial services,,""17 November 1690";;;;;
70,Barilla (company),Food processing,,1877;;;;;
"71,Barnes & Noble,bookselling,New York City,""1886";;;;;
72,Barrick Gold,Metals and mining,New York City,1983;;;;;
"73,BASF,Chemicals,Ludwigshafen,""6 April 1865";;" Mannheim, Baden"",";;;
"74,Baskin-Robbins,Food and Beverage,,""1945";;;;;
75,Bata Corporation,Shoemaking Retail Manufacture of leather and related products,Lausanne,21 September 1894;;;;;
"76,Bath & Body Works,Retail,Columbus,""1990";;;;;
"77,Baidu,Internet Artificial intelligence Cloud computing,Columbus,""January 1, 2000";;;;;
78,Bayer,Pharmaceuticals Chemicals Biotechnology Healthcare,Leverkusen,1 August 1863;;;;;
"79,BD (company),""Medical equipment, Consulting"",Leverkusen,""East Rutherford, New Jersey (1897 (1897))"",Worldwide";;;;;
"80,Beko,Major appliances Small appliances Electronics Technology,Istanbul,""1955";;;;;
81,Bertelsmann,Mass media,Istanbul,1 July 1835;;;;;
"82,Benetton Group,Fashion,Istanbul,""1965";;;;;
"83,Best Buy,Retail,""Richfield, Minnesota"",""August 22, 1966";;;;;
84,Bharti Airtel,Telecommunications,Nelson Mandela Road,7 July 1995;;;;;
85,Bharti Enterprises,Conglomerate,Nelson Mandela Road,1976;;;;;
86,Bihl,Conglomerate,Nelson Mandela Road,1976;;;;;
"87,Billabong (clothing),Textile,""Burleigh Heads, Queensland"",""1973";;;;;
"88,Black+Decker,Power tools home improvement products hardware fastening technology,""Burleigh Heads, Queensland"",""September 1910";;;;;
"89,BlackRock,Investment management,""Burleigh Heads, Queensland"",1988";;;;;
"90,BMW,Automotive,""Burleigh Heads, Queensland"",7 March 1916";;;;;
"91,BBK Electronics,Consumer electronics,""Burleigh Heads, Queensland"",18 September 1995";;;;;
92,BBC,Mass media,Broadcasting House,18 October 1922;; 95 years ago (1927-01-01) (as British Broadcasting Corporation),Worldwide;;;
"93,BNP Paribas,Financial services,Boulevard des Italiens,""1848";;;;;
"94,Bose Corporation,Audio electronics,""Framingham, Massachusetts"",1964";;;;;
"95,Boeing,Aerospace Defense,Boeing Building,""July 15, 1916";;;;;
"96,Bombardier Inc.,Aerospace,Boeing Building,""Valcourt, Quebec, Canada July 10, 1942";;;;;
"97,Books-A-Million,Retail Entertainment,""Birmingham, Alabama"",""1917";;;;;
"98,Bouygues,Conglomerate,""Birmingham, Alabama"",1952";;;;;
"99,BRAC (organisation),Conglomerate,""Birmingham, Alabama"",1952";;;;;
"100,Braun (company),Manufacturing,""Birmingham, Alabama"",""1921";;;;;
"101,Bridgestone,Auto and Truck parts,""Birmingham, Alabama"",""1 March 1931";;;;;
102,British Airways,Auto and Truck parts,London,25 August 1919;; 48 years ago (1974-03-31) (as British Airways),;;;
"103,BP,Oil and gas,London,""14 April 1909 (1909-04-14) (as the Anglo-Persian Oil Company) 10 January 1870 (1870-01-10) (as Standard Oil, which partially broke up into Standard Oil of Ohio, ARCO, and Amoco which all merged into BP) 16 December 1954";;;;;
"104,Burberry,Fashion,London,""1856";;;;;
105,BT Group,Telecommunications,London,18 June 1846;; 110 years ago (1912-01-01) (National Telephone Company system take-over under the General Post Office) 1 October 1969; 53 years ago (1969-10-01) (as a public corporation under the Post Office) 1 October 1981; 41 years ago (1981-10-01) (as a public corporation under the British Telecom brand) 1 April 1984; 38 years ago (1984-04-01) (as a private company),Worldwide
106,ByteDance,Internet,London,13 March 2012;;;;;
107,BYD Auto,Electric automotive,London,2003;;;;;
"108,Cadbury,Confectionery,Buckinghamshire,""1824 (198 years ago) (1824) in Birmingham, England"",";;;;;
109,Capcom,Video games,Ch??-ku,30 May 1979;;;;;
"110,Canon Inc.,Electronics,Ch??-ku,""10 August 1937";;" Jpn. ???????, Precision Optical Industry Co. Ltd.) Tokyo, Japan"",Worldwide";;;
111,Capgemini,Information technology Consulting Outsourcing,Ch??-ku,1 October 1967;;;;;
"112,Casio,Electronics,Shibuya,""April 1946";;" 65 years ago (1957-06) (as Casio Computer Co., Ltd.)"",Worldwide";;;
"113,Capital One,Financial services,Capital One Tower,""July 21, 1994";;;;;
114,Cargill,Conglomerate,Minnetonka,1865;;;;;
115,Cargolux,Conglomerate,Sandweiler,4 March 1970;;;;;
116,Caribbean Airlines,Conglomerate,Piarco,19 September 2006 (as BWIA in 1939),;;;;;
117,Carlsberg Group,Beverages,Copenhagen,1847;;;;;
118,Carrefour,Retail Wholesaling,Copenhagen,1 January 1958;;;;;
"119,Caterpillar Inc.,Heavy equipment Engines Financial services,""Irving, Texas"",""April 15, 1925";;;;;
120,Celestica,Electronics,Toronto,1994 by IBM,;;;;;
"121,Celkon,""Telecommunications, Consumer Electronics"",Hyderabad,2009,Worldwide";;;;;
122,Cencosud,Retail,Santiago,1960;;;;;
"123,Chupa Chups,Confectionery,Santiago,""Sant Esteve Sesrovires, Barcelona, Spain (1958";;;;;
124,China Mobile,Telecommunications,Beijing,3 September 1997;;;;;
125,Changhong,Television Manufacturer,Beijing,October 1958;;;;;
126,Chanel,Fashion,London,1910;;;;;
"127,Chiquita,Agriculture,""Fort Lauderdale, Florida"",August 1984 (as Chiquita Brands International),";;;;;
"128,Chevron Corporation,Energy Oil and gas,""San Ramon, California"",""September 10, 1879";;;;;
"129,China Merchants Bank,Banking,""San Ramon, California"",1987";;;;;
130,China Resources,Conglomerate,China Resources Headquarters,1938;;;;;
"131,Chubb Limited,Insurance and reinsurance,China Resources Headquarters,""1985";;;;;
132,China International Marine Containers,Shipping and logistics,Shekou,14 January 1980,Worldwide;;;;;
"133,Cisco,Networking hardware Networking software,Shekou,""December 10, 1984";;;;;
"134,Citigroup,Financial services,388390 Greenwich St.,""October 8, 1998";;;;;
"135,Coolpad,Consumer electronics,""Shenzhen, China (general office) Cayman Islands (registered office) Hong Kong (second office)"",29 April 1993";;;;;
"136,The Coca-Cola Company,Beverage,""Shenzhen, China (general office) Cayman Islands (registered office) Hong Kong (second office)"",""January 29, 1892";;;;;
"137,The Coffee Bean & Tea Leaf,Restaurants Retail coffee and tea,""Shenzhen, China (general office) Cayman Islands (registered office) Hong Kong (second office)"",Los Angeles (1963";;;;;
"138,Cognizant,Information technology Consulting Outsourcing,""Shenzhen, China (general office) Cayman Islands (registered office) Hong Kong (second office)"",""26 January 1994";;;;;
139,Colgate-Palmolive,Consumer goods,Park Avenue,1806;;;;;
140,Comac,Aviation,Park Avenue,11 May 2008;;;;;
141,Concentrix,Business services,Park Avenue,1983;;;;;
142,ConocoPhillips,Oil and gas,Park Avenue,30 August 2002;;;;;
143,Copa Airlines,Oil and gas,Panama City,21 June 1944,;;;;;
"144,Costco,Retail,Panama City,""September 15, 1983";;;;;
"145,Coty Inc.,Beauty,Panama City,""1904";;;;;
146,Creative Technology,Consumer electronics,Panama City,1 July 1981;;;;;
147,Crédit Agricole,Financial services,Panama City,5 November 1894;;;;;
"148,Crocs,""Wholesale trade, retail & consumer services, clothing & clothing accessories"",""Broomfield, Colorado"",2002";;;;;
149,Credit Suisse,Financial services,Paradeplatz,1856;;;;;
"150,Cummins,""Heavy equipment, automotive"",Cummins Corporate Office Building,1919";;;;;
151,Currys plc,Consumer electronics,London,7 August 2014;;;;;
152,Cyient,Conglomerate,Hyderabad,1991;;;;;
"153,CyrusOne,Conglomerate,""Dallas, Texas"",July 2000";;;;;
"154,D-Link,Networking equipment,""Dallas, Texas"",March 1986";;;;;
"155,Dabur,Consumer goods,""Dallas, Texas"",1884";;;;;
"156,Daikin,""Electrical equipment, chemicals"",Kita-ku,25 October 1924";;;;;
157,Mercedes-Benz Group,Automotive,Kita-ku,1926 (original foundation of Daimler-Benz) 2007 (foundation of Daimler AG),Worldwide;;;;;
158,Dangote Group,Conglomerate Construction Materials,Lagos,1981,;;;;;
159,Daihatsu,Automotive,Lagos,1 March 1951;;;;;
"160,Danone,Food processing,Boulevard Haussmann,""Barcelona, Spain (1919";;;;;
"161,Dalton Maag,Font Design Branding,Boulevard Haussmann,""London, UK, 1991"",Worldwide";;;;;
"162,Joshua Darden,Font Design Branding,Boulevard Haussmann,""London, UK, 1991"",";;;;;
163,Decathlon (retailer),Retail,Villeneuve d'Ascq,1976;;;;;
164,Deepin,Retail,Villeneuve d'Ascq,1976;;;;;
"165,Dell,Computer hardware Computer software,Villeneuve d'Ascq,""February 1, 1984";;;;;
"166,Deloitte,Professional services,London,""1845";;;;;
"167,Delta Air Lines,Professional services,""Atlanta, Georgia"",""March 2, 1925";;;;;
168,Deutsche Bank,Banking Financial services,Deutsche Bank Twin Towers,10 March 1869;;;;;
169,Diageo,Beverages,London,1997;;;;;
170,Dine Brands,Restaurants,London,1958;;;;;
171,Currys plc,Consumer electronics,London,7 August 2014;;;;;
"172,Dow Chemical Company,Chemicals,""Midland, Michigan"",""1897";;" 3 years ago (2019-04-01) (current iteration)"",Worldwide";;;
"173,Dollar Tree,""Retail, variety, discount"",""Burnaby, British Columbia"",""April 27, 1989";;;;;
"174,DocuSign,Software,""Burnaby, British Columbia"",2003";;;;;
"175,Dole plc,Agribusiness,""Burnaby, British Columbia"",""June 2, 1851";;;;;
"176,Domino's Pizza,Foodservice Franchising,""Ann Arbor Township, Michigan"",""December 9, 1960";;;;;
"177,Dude Perfect,Entertainment,Frisco,""March 16, 2009";;;;;
"178,DuPont,Chemicals,""Wilmington, Delaware"",""September 1, 2017";;;;;
"179,DXC Technology,Information technology Consulting Outsourcing,""Wilmington, Delaware"",""April 3, 2017";;;;;
180,Dyson (company),Household appliances,St James Power Station,8 July 1991;;;;;
"181,eBay,E-commerce,San Jose,""September 3, 1995";;;;;
"182,Electronic Arts,Video games,San Jose,""May 27, 1982";;;;;
"183,Embraer,""Aerospace, defense"",San Jose,""August 19, 1969";;;;;
"184,Emerson Electric,Electrical equipment,""Ferguson, Missouri"",1890";;;;;
"185,Emigre Fonts,Typography,""Ferguson, Missouri"",1984";;;;;
"186,Eni,Oil and gas,""Ferguson, Missouri"",10 February 1953";;;;;
"187,Ericsson,Telecommunications Networking,Kista,""Stockholm, Sweden (1876";;;;;
"188,The Estée Lauder Companies,Cosmetics,General Motors Building,""1946";;;;;
189,Etisalat by e&,Telecommunication,General Motors Building,30 August 1976;;;;;
190,EVA Air,Telecommunication,Luzhu,8 March 1989;;;;;
191,Evergreen Marine Corporation,Container shipping Marine transportation,Luzhu,1968;;;;;
192,Evercore,Investment banking,New York City,1995;;;;;
"193,ExxonMobil,Energy: Oil and gas,New York City,""August 5, 1882";;;;;
"194,Ezaki Glico,Food manufacturing,New York City,""Nishi-ku, Osaka, Japan (11 February 1922";;;;;
195,Ernst & Young,Professional services,London,1989;; oldest component from 1849)[2],Worldwide;;;
196,Faber-Castell,Stationery,London,1761;;;;;
197,Fairphone,Telecommunications equipment,London,January 2013;;;;;
"198,Fast Retailing,Retail,London,""As Mens Shop Ogori Shoji March 1949";;" 31 years ago (1991-09) 1963 as Ogori Shoji Co., Ltd. (Ube, Yamaguchi, Japan) 1991 as Fast Retailing Co., Ltd. (name change)"",Worldwide";;;
199,FBT (company),Sportswear Sports Equipment,Bangkok,1952;;;;;
"200,FedEx,E-commerce Services Transportation,""Memphis, Tennessee"",""May 5, 1971";;;;;
"201,Ferrero SpA,Food,""Memphis, Tennessee"",1946";;;;;
"202,Fila,Sportswear Sports goods,""Memphis, Tennessee"",""Biella, Piedmont, Italy 1911";;;;;
"203,Ficosa,Sportswear Sports goods,""Memphis, Tennessee"",""Biella, Piedmont, Italy 1911";;;;;
"204,FIS (company),Financial Sector,""Jacksonville, Florida"",1968";;;;;
205,Font Bureau,Type foundry,Boston,1989,;;;;;
"206,FontShop International,""Type foundry, Stock photography"",Boston,""Berlin, Germany (1990 (1990))"",";;;;;
207,Fortinet,Cloud Security Cybersecurity Network Security,Boston,2000;;;;;
208,Fossil Group,Fashion,Richardson,1984;;;;;
"209,Foxconn,Electronics,Richardson,""20 February 1974";;;;;
"210,FPT Group,""Information technology, communications, education"",Cau Giay,""September 13, 1988"",";;;;;
"211,Fujifilm,Document solutions Digital imaging Medical imaging Cosmetics Regenerative Medicine Stem Cells Biologics,Tokyo Midtown,""January 20, 1934";;;;;
"212,Fujitsu,Computer hardware Consulting Cloud computing Telecommunications Data storage Consumer electronics,Tokyo Midtown,""June 20, 1935";;;;;
"213,Fujiya,Computer hardware Consulting Cloud computing Telecommunications Data storage Consumer electronics,Tokyo Midtown,""June 30, 1938";;;;;
"214,Future Group,Conglomerate,""Mumbai, Maharashtra"",2013";;;;;
"215,GameStop,Retail,""Mumbai, Maharashtra"",1984";;;;;
"216,Gap Inc.,Retail,""Mumbai, Maharashtra"",""August 21, 1969";;;;;
"217,Garmin,Technology,""Olathe, Kansas"",""October 1989";;;;;
"218,Gartner,Research & advisory services,""Olathe, Kansas"",""1979";;;;;
"219,Gazprom,Oil and gas,""Olathe, Kansas"",8 August 1989";;;;;
"220,Geeknet,Online media Retail,""Olathe, Kansas"",November 1993 (1993-11)[1],";;;;;
"221,General Electric,Conglomerate,Boston,""April 15, 1892";;;;;
"222,Gree Electric,""Electronics, Household appliances"",Boston,1991";;;;;
"223,General Mills,Food processing,Boston,""June 20, 1856";;;;;
"224,General Motors,Automotive,Renaissance Center,""September 16, 1908";;" 13 years ago (2009-07-10) (present company)"",Worldwide";;;
225,Assicurazioni Generali,Financial services,Renaissance Center,1831;;;;;
226,Gerdau,Iron and steel,Porto Alegre,16 January 1901;;;;;
"227,Giant Bicycles,Bicycle manufacturing,Porto Alegre,""Dajia, Taichung, Taiwan, 1972"",";;;;;
"228,Globe Telecom,Telecommunications Remittance Mass media,Porto Alegre,""Manila, Philippine Islands (1935";;;;;
"229,GungHo Online Entertainment,Video games,Chiyoda,""July 1, 1998";;;;;
"230,Guinness,Video games,Chiyoda,""July 1, 1998";;;;;
231,Guess (clothing),Fashion,Chiyoda,1981;;;;;
232,GSK plc,Pharmaceutical Biotechnology,London,27 December 2000;;;;;
"233,Geely,Automotive,Binjiang District,""6 November 1986";;;;;
"234,Goodyear Tire and Rubber Company,Manufacturing,Binjiang District,""August 29, 1898";;;;;
"235,Google,Artificial intelligence Advertising Cloud computing Computer software Computer hardware Internet,1600 Amphitheatre Parkway,""September 4, 1998";;;;;
"236,GoDaddy,""internet, IT Consulting, SMEs"",""Tempe, Arizona"",1997";;;;;
"237,GoPro,Technology Videography Consumer electronics,""Tempe, Arizona"",2002";;;;;
"238,Harley-Davidson,Technology Videography Consumer electronics,""Milwaukee, Wisconsin, U.S."",1903";;;;;
239,Hermès,Luxury goods,Rue du Faubourg Saint-Honoré,1837;;;;;
240,Haier,Home appliances Consumer electronics,Rue du Faubourg Saint-Honoré,1984;;;;;
241,Harrods,Retail,Brompton Road,1849;;;;;
242,Haribo,Confectionery,Brompton Road,13 December 1920;;;;;
"243,Hard Rock Cafe,""Casual dining restaurants, casinos, hotels"",Davie,""14 June 1971";;;;;
"244,Halliburton,Fossil fuel,""Houston, Texas"",""1919";;;;;
245,Hankook Tire,Auto and Truck parts,Bundang-gu,10 May 1941;;;;;
"246,House Foods,Food,Bundang-gu,""November 11, 1913";;;;;
"247,Hartwall,Food,Bundang-gu,""November 11, 1913";;;;;
"248,H&M,Retail,Bundang-gu,""1947";;;;;
249,Hasbro,Toys and entertainment,Bundang-gu,1923;;;;;
"250,Hearst Communications,Media,Hearst Tower,""March 4, 1887";;;;;
251,Henkel,FMCG,Düsseldorf,1876;;;;;
"252,Hewlett Packard Enterprise,Information technology,Düsseldorf,""November 1, 2015";;;;;
253,Hilti,Manufacturing,Schaan,1941,;;;;;
"254,Hisamitsu Pharmaceutical,Pharmaceuticals,""Tosu, Saga"",1847";;;;;
"255,Hitachi,Conglomerate,""Tosu, Saga"",""1910";;;;;
"256,Honda,Manufacturing,""Tosu, Saga"",""Hamamatsu, Japan (October 1946 (1946-10), incorporated 24 September 1948";;;;;
"257,Honeywell,Conglomerate,""Charlotte, North Carolina, U.S."",""1906";;;;;
"258,HP Inc.,Computer hardware,""Charlotte, North Carolina, U.S."",""January 1, 1939";;" 7 years ago (2015-11-01)[1] (as HP Inc.)"",Worldwide";;;
"259,HSBC,Financial services,8 Canada Square,""First established on 3 March 1865";; 156 years ago (1866-08-14)[2] (as The Hongkong and Shanghai Banking Corporation) 25 March 1991;" 31 years ago (1991-03-25)[1][3] in London (as HSBC Holdings plc, as parent holding company to the entity in Hong Kong now as a subsidiary)"",Worldwide";;
260,HTC,Telecommunications equipment,8 Canada Square,15 May 1997;;;;;
261,Huayi Brothers,Entertainment,8 Canada Square,1994;;;;;
262,Huawei,Consumer electronics Telecom equipment Networking equipment Semiconductors Artificial intelligence Automation Cloud computing Internet of things,8 Canada Square,15 September 1987;;;;;
"263,Huntington Bancshares,Banking,""Columbus, Ohio"",""1866";;;;;
"264,Huntington Ingalls Industries,""Defense, Shipbuilding, Defense Technologies"",""Columbus, Ohio"",""March 31, 2011";;;;;
"265,Huntsman Corporation,Chemicals,""The Woodlands, Texas, U.S."",1970";;;;;
266,Hytera,Telecommunications,Shenzhen,1993,Worldwide;;;;;
267,HMD Global,Consumer electronics,Espoo,1 December 2016;;;;;
268,Hyundai Motor Company,Automotive,Espoo,29 December 1967;;;;;
"269,IBM,Information technology,Espoo,""June 16, 1911";;;;;
270,NEX Group,Financial services,Espoo,1999;;;;;
271,ICICI Bank,Financial services,Espoo,5 January 1994;;;;;
272,IJM Corporation,Construction Property Infrastructure Plantations Industry,Espoo,1983,;;;;;
"273,Indeed,Construction Property Infrastructure Plantations Industry,""Austin, Texas"",November 2004";;;;;
"274,Intracom Holdings,Conglomerate,""Austin, Texas"",1977,Europe Middle East & Africa United States South East Asia";;;;;
275,IKEA,Retail,,28 July 1943;;;;;
"276,Illinois Tool Works,Manufacturing,""Glenview, Illinois"",1912";;;;;
"277,Infosys,Information technology Consulting Outsourcing,""Glenview, Illinois"",2 July 1981";;;;;
"278,ING Group,Financial services,Amsterdam,1991 through merger[1] (est. 1743 as Kooger Doodenbos),""Europe, Asia, Oceania, North America, South America""";;;;;
279,Ingersoll Rand,Diversified Machinery,Amsterdam,1859,;;;;;
"280,Intel,Semiconductors Computer hardware Autonomous cars Automation Artificial intelligence,Amsterdam,""July 18, 1968";;;;;
281,Intesa Sanpaolo,Financial services,Grattacielo Intesa Sanpaolo,2007;; 439 years ago (1583) as Istituto Bancario San Paolo di Torino,;;;
282,Isuzu,Manufacturing,Grattacielo Intesa Sanpaolo,30 March 1934;;;;;
"283,Jelly Belly,Confections,""Fairfield, California"",""1869";;;;;
"284,Jim Beam,Confections,""Fairfield, California"",""1869";;;;;
"285,The J.M. Smucker Company,Food Beverage,""Fairfield, California"",""1897";;;;;
286,Jardine Matheson,Conglomerate,Jardine House,1 July 1832;;;;;
287,JG Summit Holdings,Various,Robinsons Equitable Tower,1990;;;;;
288,Johnnie Walker,Various,Robinsons Equitable Tower,1990;;;;;
"289,Johnson & Johnson,Pharmaceutical Medical Technology Consumer Healthcare,""New Brunswick, New Jersey"",""January 1886";;;;;
"290,Jollibee Foods Corporation,Restaurants,Ortigas Center,""Quezon City, Philippines (January 1978";;;;;
"291,JPMorgan Chase,Financial services,383 Madison Avenue,""December 1, 2000";;;;;
"292,JVCKenwood,Electronics,383 Madison Avenue,""October 1, 2008";;;;;
"293,JXD,Consumer electronics,383 Madison Avenue,""October 1, 2008";;;;;
"294,KBC Group,Financial services,Brussels,""1935";;;;;
295,Kawasaki Heavy Industries,Heavy equipment Automotive Defense,Ch??,15 October 1896;;;;;
296,Kappa (brand),Sports equipment Textile,Ch??,1978;;;;;
"297,Kellogg's,Food processing,Ch??,""February 19, 1906";;;;;
"298,Kikkoman,Food,Ch??,""1603";;" 105 years ago (1917-12-07) (incorporated)"",";;;
299,Kirin Company,Beverage,Ch??,1888;;;;;
"300,Kimberly-Clark,Personal care,Irving,""1872";;;;;
"301,Kingston Technology,Storage devices,Irving,""1987";;;;;
"302,Klim Type Foundry,Storage devices,Irving,""1987";;;;;
"303,Knorr (brand),Storage devices,Irving,""1987";;;;;
"304,Komatsu Limited,""Heavy equipment (construction, mining and forestry), Defense technology"",Tokyo,""May 13, 1921";;;;;
305,Konami,Video games Entertainment,Tokyo,21 March 1969;;;;;
306,Korg,Electronics,Inagi,1962;;;;;
"307,Keumyoung Group,""Music, Entertainment, Karaoke"",Seoul,""1983";;;;;
"308,KPMG,Professional services,,""1987";;;;;
"309,Kraft Heinz,Food,,""July 2, 2015";;;;;
310,Lactalis,Dairy products,,19 October 1933;;;;;
"311,Lam Research,Semiconductors,""Fremont, California"",1980";;;;;
"312,Lagardère Group,""Publishing, Travel Retail, Live Entertainment, Media"",Paris,1992";;;;;
"313,Larsen & Toubro,Conglomerate,Ballard Estate,""7 February 1946";;;;;
314,LATAM Airlines Group,Aviation,Santiago,22 June 2012;;;;;
"315,Lazada,E-commerce,Santiago,""March 27, 2012";;;;;
"316,Levi Strauss & Co.,Textile,San Francisco,""May 1, 1853";;;;;
"317,Lear Corporation,Manufacturing,San Francisco,""Detroit, Michigan (1917 (1917))"",International";;;;;
318,Lindt,Confectionery,San Francisco,1845 (177 years ago) (1845),;;;;;
"319,Lenovo,Computer hardware Electronics,""Hong Kong, China[1] (registered office) Beijing, China[2][3] (Operational headquarters) Lorong Chuan, Singapore[4] (operational centre) Morrisville, North Carolina, United States[5] (Operational headquarters)"",1 November 1984";;;;;
"320,LeEco,Conglomerate,""Hong Kong, China[1] (registered office) Beijing, China[2][3] (Operational headquarters) Lorong Chuan, Singapore[4] (operational centre) Morrisville, North Carolina, United States[5] (Operational headquarters)"",8 September 2011";;;;;
321,Leonardo S.p.A.,Aerospace industry Defence industry Space industry,Rome,1948;;;;;
"322,Leoni AG,""Manufacturing, engineering"",Nuremberg,1917";;;;;
"323,Lexmark,""Manufacturing, engineering"",Lexington,""March 27, 1991";;;;;
324,LG Electronics,Consumer electronics Home appliances Computer hardwares,Yeouido-dong,October 1958;; re-incorporated in 2002),Worldwide;;;
325,Linde plc,Chemical industry,Dublin,21 June 1879;;;;;
326,Linpus Linux,Chemical industry,Dublin,21 June 1879;;;;;
"327,Lionbridge,Language localization Software testing E-learning,""Waltham, Massachusetts"",""Waltham, Massachusetts, US (1996)"",";;;;;
"328,LiuGong,Conglomerate,""Waltham, Massachusetts"",1958,";;;;;
"329,Lockheed Martin,Advanced Technologies Information Security Aerospace Defense,""Bethesda, Maryland"",""March 15, 1995";;;;;
"330,L'Oréal,Consumer goods,""Bethesda, Maryland"",30 July 1909";;;;;
"331,Lotte Corporation,Conglomerate,Songpa District,""March 24, 1967";;;;;
332,Louisa Coffee,Coffee shop,Songpa District,2006,Worldwide;;;;;
333,Lufthansa,Coffee shop,Cologne,6 January 1953;;;;;
334,Lukoil,Oil and gas,Cologne,25 November 1991;;;;;
335,Lupin Limited,Pharmaceuticals,Cologne,1968;;;;;
336,Luxgen,Automotive,Miaoli County,2009,Worldwide;;;;;
"337,Luxottica,""Eyewear manufacturing, luxury, eyewear manufacturing and wholesale distribution, eyewear retailing"",Miaoli County,""1961";;;;;
338,LyondellBasell,Chemicals,Miaoli County,2007;;;;;
339,MG Cars,Sport cars,Miaoli County,21 July 1930;;;;;
"340,Macy's,Retail,Miaoli County,""October 28, 1858";;;;;
341,Mahindra Group,Conglomerate,Mumbai,2 October 1945;;;;;
"342,""Mars, Incorporated"",Food Veterinary services,,""1911";;;;;
343,Maton,Musical instruments,,1946;;;;;
"344,Marshall Amplification,Amplification Musical instrument manufacturing,,""London, England (1962";;;;;
"345,Mark Simonson,Amplification Musical instrument manufacturing,,""London, England (1962";;;;;
"346,Martini & Rossi,Alcoholic beverages,,""Turin, Italy (1863)"",";;;;;
347,Maersk,Freight transport,Copenhagen,16 April 1904;;;;;
348,Mama Sita's Holding Company,Food processing,San Juan,1980 (as Marigold Commodities Corporation),;;;;;
"349,Mamee Double-Decker,""Food processing, snack, dairy products"",""Ayer Keroh, Malacca"",1971";;;;;
"350,Mattel,Toys and entertainment,,""January 1945";;;;;
"351,Maxxis,Toys and entertainment,Yuanlin,""January 1, 1967";;;;;
"352,McCain Foods,Frozen food,Yuanlin,""Florenceville, New Brunswick, Canada (1957)"",Worldwide";;;;;
"353,McDonald's,""Restaurants, real estate[1][2]"",Yuanlin,""May 15, 1940";;;;;
354,MediaTek,Semiconductors GPUs Graphics cards Consumer electronics Computer hardware,Yuanlin,28 May 1997;;;;;
"355,Meiji Holdings,Food Pharmaceutical Healthcare,Yuanlin,""April 1, 2009 (2009-04-01)"",";;;;;
356,Meitu,Consumer electronics,Yuanlin,2008;;;;;
357,Meizu,Consumer electronics,Yuanlin,2003;;;;;
358,Melstacorp,Beverages Diversified Financial services IT/BPO Manufacturing Health Telecommunications Plantation Power Hospitality Logistics Media,Yuanlin,2003;;;;;
359,Mercedes-Benz,Automotive,Yuanlin,November 2019;;;;;
"360,Meta Platforms,Social media Social network advertising Consumer electronics Virtual reality,""Menlo Park, California"",""January 4, 2004";;;;;
361,Michaels,Retail,Irving,1973;;;;;
362,Michelin,Auto and truck parts,Irving,28 May 1889;;;;;
363,Micro-Star International,Computer hardware Electronics,Zhonghe,4 August 1986;;;;;
364,Micromax Informatics,Electronics Consumer electronics Computer hardwares Home appliances,Zhonghe,29 March 2000;;;;;
"365,Microsoft,Information technology,One Microsoft Way,""April 4, 1975";;;;;
"366,Mizuno,Sports equipment,Suminoe,""April 1, 1906";;;;;
"367,Merck Millipore,Life sciences Biotech,Suminoe,""Merck founded 1668 (Merck KGaA, Darmstadt, Germany)"",";;;;;
"368,Miniso,Variety store,Suminoe,""Merck founded 1668 (Merck KGaA, Darmstadt, Germany)"",Worldwide";;;;;
369,Mindtree,Information technology Consulting Outsourcing,Global Village Tech Park,18 August 1999;;;;;
"370,Mitsubishi Electric,Electrical equipment Electronics,Tokyo Building,""January 15, 1921";;;;;
"371,Mobil,Electrical equipment Electronics,Tokyo Building,""1911";;;;;
"372,Monotype Imaging,Pre-press and pre-media services machinery industry and plant construction,Tokyo Building,""1887";;;;;
"373,Monotype Imaging,Pre-press and pre-media services machinery industry and plant construction,Tokyo Building,""1887";;;;;
"374,Morinaga & Company,Food,Tokyo Building,""August 15, 1899";;;;;
375,Mustek Systems,Food,Hsinchu,October 1988;;;;;
"376,Nando's,Casual dining/chain restaurant,Hsinchu,""1987";;;;;
"377,Bandai Namco Holdings,Entertainment,""Minato, Tokyo"",""September 29, 2005";;;;;
"378,NBCUniversal,Media Entertainment,30 Rockefeller Plaza,""August 2, 2004";;;;;
"379,New Balance,Footwear,""Boston, Massachusetts"",1906";;;;;
"380,Newell Brands,Consumer goods,""Boston, Massachusetts"",""1903";;;;;
381,Nestlé,Food processing,Vevey,1866;;;;;
"382,NEC,Information technology Electronics,Vevey,""17 July 1899";;;;;
383,NetApp,Cloud Computing Storage Device,Vevey,1992;;;;;
"384,""Nike, Inc."",Apparel Accessories Sports equipment,""Beaverton, Oregon"",""January 25, 1964";;;;;
"385,Nivea,Apparel Accessories Sports equipment,""Beaverton, Oregon"",""January 25, 1964";;;;;
"386,Nikon,Consumer electronics,""Minato, Tokyo"",""July 25, 1917";;;;;
"387,Nintendo,Video games Electronics,""Minami-ku, Kyoto"",""23 September 1889";;;;;
"388,Nissan,Automotive,""Minami-ku, Kyoto"",26 December 1933";;;;;
"389,Nokia,Telecommunications Technology Electronics,""Minami-ku, Kyoto"",""12 May 1865";;;;;
390,Norsk Hydro,Metals,Oslo,1905,;;;;;
391,Novartis,Pharmaceuticals,,March 1996;;;;;
"392,Novo Nordisk,""Pharmaceuticals, Health care"",Bagsværd,""December 21, 1923";;;;;
"393,Olympus Corporation,Electronics,Bagsværd,""12 October 1919";;;;;
"394,Oknoplast,""Windows, doors, roller shutters, aluminium"",Bagsværd,1994,Worldwide";;;;;
395,Ooredoo,Telecommunications,Bagsværd,1987;;;;;
396,Otobi,Telecommunications,Dhaka,1975,;;;;;
"397,OfficeMax,Retail,,""April 1, 1988";;;;;
"398,Oracle Corporation,Enterprise software Business software Cloud computing Computer hardware Consulting,,""June 16, 1977";;;;;
399,Orange S.A.,Telecommunications,Issy-les-Moulineaux,1 January 1988;; 9 years ago (2013-07-01) (as Orange),Worldwide;;;
400,Ornua,Food retail,Dublin,1961;;;;;
401,Pandora (jewelry),Jewellery Retail,Dublin,1982;;;;;
"402,Panasonic,Conglomerate,""Kadoma, Osaka"",""March 7, 1918";;;;;
"403,Paper Mate,Stationery,Oak Brook,""1940";;;;;
"404,Paramount Global,Media Entertainment,One Astor Plaza,""December 4, 2019";;;;;
"405,Parrot SA,Wireless / UAV,One Astor Plaza,""1994";;;;;
406,Puma (brand),Textile Footwear,Herzogenaurach,1948;;;;;
407,Pepper Lunch,Restaurants,Tokyo,1994;;;;;
"408,PepsiCo,Beverages Food processing,""Harrison, New York"",""August 28, 1898";;;;;
"409,Perficient,Consulting,""St. Louis, Missouri"",1997,Worldwide";;;;;
410,Petronas,Oil and gas,Petronas Towers,17 August 1974;;;;;
411,Pernod Ricard,Alcohol,Petronas Towers,1975;;;;;
"412,Penguin Random House,Alcohol,Random House Tower,""July 1, 2013";;;;;
413,Petrovietnam,Oil and Gas industry,Random House Tower,1977 (1977),;;;;;
414,Pfizer,Pharmaceutical Biotechnology,New York City,1849;;;;;
"415,Philips,Conglomerate,Amsterdam,""15 May 1891";;;;;
416,Ping An Bank,Financial services,Amsterdam,22 June 1995 (1995-06-22) (Ping An Bank) 22 December 1987 (1987-12-22) (S.Z. Dev. Bank) 2012 (merger),Worldwide;;;;;
417,Ping An Insurance,Financial Services,Amsterdam,1988;;;;;
"418,Pioneer Corporation,Consumer electronics,Bunky?,""1 January 1938";;;;;
"419,Pirelli,Automotive,Bunky?,""1872";;;;;
"420,Pilot (pen company),Stationery,Bunky?,""1918";;;;;
"421,Playmobil,Stationery,Bunky?,""1918";;;;;
422,Pladis,Stationery,London,2016;;;;;
"423,PLDT,Telecommunications,London,""Manila, Philippine Islands (November 28, 1928";;;;;
"424,Pollo Campero,Restaurants,""Dallas, Texas"",""1971";;;;;
"425,Procter & Gamble,Consumer goods,""Dallas, Texas"",""October 31, 1837";;;;;
"426,Proton Holdings,Automotive,""Dallas, Texas"",9 July 1985";;;;;
427,Prada,Fashion,,1913;;;;;
"428,Prudential Financial,Insurance Retirement Investment,,""1875";;;;;
429,PVH Corp.,Clothing,,1881;;;;;
430,PwC,Professional services,London,1998 (PricewaterhouseCoopers) 1849 (Price Waterhouse) 1854 (Coopers & Lybrand)[1],Worldwide;;;;;
"431,QNB Group,Banking and Financial services,London,""June 6, 1964 (1964 -06-06) as Qatar National Bank[1]"",Worldwide[2]";;;;;
"432,Qantas,Banking and Financial services,""Mascot, New South Wales"",""16 November 1920";;;;;
"433,Qualcomm,Telecoms equipments Semiconductors,""Mascot, New South Wales"",July 1985";;;;;
"434,QatarEnergy,Oil and gas,""Mascot, New South Wales"",1974,";;;;;
435,Rabobank,Financial services,Rabotoren,1895 (1895),Worldwide;;;;;
"436,Ranpak,""Recyclable packing, Packaging, Packaging machinery"",Rabotoren,""1972";;;;;
437,Reckitt,Consumer goods,Slough,1814;; 199 years ago (1823) (Benckiser) 1840; 182 years ago (1840) (Reckitt & Sons) 1938; 84 years ago (1938) (merger of Reckitt & Sons and J&J Colman) 1999; 23 years ago (1999) (merger of Reckitt & Colman and Benckiser),
438,Recruit (company),Published media,Slough,1960;;;;;
439,Red Bull,Published media,Slough,1960;;;;;
"440,IWG plc,Industrial services,,""1989, Brussels, Belgium"",";;;;;
441,Reliance Industries,Conglomerate,,8 May 1973;;;;;
442,Renault,Automotive,,25 February 1899;; 128 countries[1];;;
443,Repsol,Petroleum,Repsol Campus,1987;;;;;
"444,Ricoh,""Electronics, Imaging"",""Ota, Tokyo"",""February 6, 1936";;;;;
445,Robert Bosch GmbH,Conglomerate,Gerlingen,15 November 1886;;;;;
"446,Roland Corporation,Electronics,Gerlingen,""18 April 1972";;;;;
447,Rohde & Schwarz,Electronics,Munich,17 November 1933,;;;;;
"448,Royal Bank of Canada,Financial services,Montreal,""1864";;;;;
"449,Shell plc,Energy Petroleum,Shell Centre,""April 1907";;" 17 years ago (2005-07-20) in Shell Centre, London (current entity)"",Worldwide";;;
"450,RPG Group,Conglomerate,Worli,""Calcutta, India 1820";;;;;
451,Rusal,Aluminium,Moscow,2007,;;;;;
452,SsangYong Motor,Automotive,Pyeongtaek,4 March 1954;;;;;
"453,Saab AB,Aerospace and defence,Stockholm,""1937 in Trollhättan, Sweden"",Worldwide";;;;;
454,Saks Fifth Avenue,Retail,Stockholm,1867 (155 years ago) (1867),;;;;;
"455,Samsung Electronics,Electronics Semiconductors Information technology Artificial intelligence Automation Home appliances Medical devices Internet of things Robotics,Samsung Digital City,""13 January 1969";;;;;
456,Samsonite,Electronics Semiconductors Information technology Artificial intelligence Automation Home appliances Medical devices Internet of things Robotics,Luxembourg City,10 March 1910;;;;;
457,Newell Custom Writing Instruments,Writing implements,Luxembourg City,1857;;;;;
"458,San Miguel Corporation,Conglomerate,San Miguel Avenue,""(September 29, 1890";;;;;
459,SanDisk,Storage devices,San Miguel Avenue,1988;;;;;
460,Sandvik,Engineering,Stockholm,1862;;;;;
461,Sanrio,Wholesale[1],Stockholm,10 August 1960;;;;;
462,Sanofi,Pharmaceuticals Biotechnology Healthcare,Paris,1973;;;;;
463,Saudi Aramco,Oil and gas,Dhahran,29 May 1933;;;;;
"464,SAP,Enterprise software Business software Cloud computing Consulting,Dhahran,""Weinheim, Germany (1972";;;;;
"465,Publicis Sapient,""Consumer Products Energy & Commodities Financial Services Health Public Sector Retail Telecommunications, Media & Technology Transportation & Mobility Travel & Hospitality"",Dhahran,1990,";;;;;
"466,SAS Group,Aviation,SAS Frösundavik Office Building,""1946";;;;;
"467,Sasken Technologies,Telecommunications Technology Data centers Product Engineering Semiconductor Industrials,""Bangalore, Karnataka"",1989";;;;;
"468,Sasol,Oil and gas Chemical Nuclear Coal tar,""Bangalore, Karnataka"",1950 (1950),";;;;;
"469,Schlumberger,Oilfield services and equipment,,""1926";;;;;
470,Schwan-Stabilo,Stationery Sports equipment,Heroldsberg,1855;;;;;
471,Schneider Electric,Electrical equipment,Rueil-Malmaison,1836;;;;;
472,Schindler Group,Vertical transportation,Rueil-Malmaison,1874;;;;;
"473,Schleich,""Toys, figurines"",Rueil-Malmaison,1935";;;;;
"474,Scotiabank,Banking financial services,""Toronto, Ontario, Canada[1]"",""March 30, 1832";;;;;
"475,Scholastic Corporation,Children's literacy and education,Scholastic Building,""October 22, 1920";;;;;
"476,Seiko,Electronics Watchmaking,Ginza,""1881";;;;;
"477,Sears,Retail,Ginza,""1892";;;;;
478,Sennheiser,Audio electronics,Wedemark,1 June 1945;;;;;
"479,Sphero,Robotics Toys,""Boulder, Colorado"",2010";;;;;
"480,Spin Master,Toys and entertainment,""225 King Street W., Suite 200"",""March 26, 1994";;;;;
"481,Serta (company),Furnishings,""225 King Street W., Suite 200"",1931";;;;;
"482,Seagate Technology,Computer storage,""Fremont, California"",""November 1, 1979";;;;;
"483,Sega Sammy Holdings,Mass media,Tokyo,""October 1, 2004";;;;;
"484,Sealy Corporation,Furnishings,Tokyo,""1881";;;;;
485,Servcorp,Serviced Offices,Sydney,1978,;;;;;
"486,Severstal,""Steel, Mining"",Cherepovets,1993,";;;;;
487,SF Express,Air Freight and Logistics,Cherepovets,1993 (1993),Worldwide;;;;;
488,SGS S.A.,Quality,Geneva,1878,;;;;;
489,Shenzhen Airlines,Quality,Shenzhen Bao'an International Airport,November 1992;;;;;
490,Shiseido,Consumer goods,Shenzhen Bao'an International Airport,1872;;;;;
"491,Shopee,E-commerce,Shenzhen Bao'an International Airport,""5 February 2015";;;;;
"492,Siemens,Conglomerate,Munich,""1 October 1847";;;;;
493,Sime Darby Property,Property development Property investment Hospitality,Munich,2007;;;;;
"494,SilkRoad Technology,Human resources software,Munich,""Winston-Salem, North Carolina, US (2003)"",Worldwide";;;;;
495,Singtel,Telecommunications,Munich,1879;;" 30 years ago (1992-03-28) (as Singapore Telecom) [1],""Asia, Australia and Africa""";;;
"496,Sinopec,Oil and gas,Chaoyang District,""Beijing, China (25 February 2000";;;;;
497,Bic (company),Manufacturing,Chaoyang District,25 October 1945;;;;;
498,Snapchat,Manufacturing,Chaoyang District,25 October 1945;;;;;
499,The Pinkfong Company,Animation production,Seocho-dong,June 2010;;;;;
"500,SM Investments,Conglomerate,Mall of Asia Complex,""1958";;;;;
"501,Société Générale,Financial services,Boulevard Haussmann,""May 4, 1864";;;;;
502,Sogou,Internet,Beijing,9 August 2010;;;;;
503,SK Group,Conglomerate,Seoul,8 April 1953;;;;;
"504,Skullcandy,Audio,""Park City, Utah"",2003,";;;;;
"505,Skype,Audio,""Park City, Utah"",2003,";;;;;
506,koda Transportation,Rail transport machinery,Plze?,1995,Worldwide;;;;;
507,Solaris Bus & Coach,Automotive industry,Bolechowo,1999,Worldwide;;;;;
"508,Sony,Conglomerate,""Minato, Tokyo"",""7 May 1946";;;;;
"509,SoftBank Group,Conglomerate,""Minato-ku, Tokyo"",3 September 1981";;;;;
"510,Southwest Airlines,Conglomerate,""Dallas, Texas"",""March 15, 1967";;;;;
"511,Square Enix,Media Entertainment,Shinjuku,""April 1, 2003";;;;;
512,Staedtler,Stationery,Shinjuku,3 October 1835;;;;;
"513,Standard Chartered,""Banking, Financial services"",London,""As Chartered Bank of India, Australia, and China on 29 December 1853";;" 53 years ago (1969-11-18)"",Worldwide";;;
"514,Starbucks,Coffee shop,London,""March 30, 1971";;;;;
"515,State Bank of India,""Banking, financial services"",Nariman Point,1 July 1955";;;;;
"516,Safeway,Retail / grocery,""Pleasanton, California"",""April 1915 (107 years ago) (1915-04) in American Falls, Idaho, U.S."",17 States";;;;;
"517,Subway (restaurant),Restaurants,""Pleasanton, California"",""August 28, 1965";;;;;
"518,Stellantis,Automotive Production systems,""Pleasanton, California"",16 January 2021";;;;;
"519,Suntory,Beverage,""Pleasanton, California"",""Osaka, Japan 1899";;;;;
"520,Suzuki,Automotive,""Pleasanton, California"",October 1909";;;;;
"521,Swarovski,""Fashion, crystal, and jewelry"",Wattens,""1895";;;;;
"522,Swinkels Family Brewers,""Beverages, Malt"",Wattens,Before 1680,Worldwide";;;;;
"523,Taco Maker,""Beverages, Malt"",Wattens,Before 1680,";;;;;
"524,Taiwan Beer,""Beverages, Malt"",Wattens,Before 1680,";;;;;
"525,Take-Two Interactive,Video games,Wattens,""September 30, 1993";;;;;
"526,""Tapestry, Inc."",""Fashion, accessories"",10 Hudson Yards,2017,";;;;;
"527,Target Corporation,Retail,,""June 24, 1902";;" 60 years ago (1962-01-05) (store)"",""United States, Canada (formerly, see Target Canada)""";;;
528,Tata Motors,Automotive,Mumbai,1945;;;;;
529,Tabasco sauce,Food,Mumbai,1868;;;;;
530,Tate & Lyle,Food processing,London,Merger of Henry Tate & Sons (established 1859) and Abram Lyle & Sons (established 1887) in 1921,;;;;;
531,TCL Technology,Consumer electronics Home appliances Finance,London,1981;;;;;
532,Tata Consultancy Services,Information technology Consulting Outsourcing,Mumbai,1968;;;;;
"533,TEAC Corporation,Electronics,Mumbai,""29 August 1953";;;;;
534,TechniSat,Electronics,Mumbai,10 June 1987 (10 June 1987),;;;;;
535,Tech Mahindra,Information technology Consulting Outsourcing,Pune,24 October 1986;;;;;
536,Technicolor,Information technology Consulting Outsourcing,Pune,24 October 1986;;;;;
537,Telefónica,Telecommunications,Pune,19 April 1924;;;;;
"538,Telus,Telecommunications IT consulting,Vancouver,""1990";;;;;
539,Tencent,Conglomerate,Tencent Binhai Mansion,11 November 1998;;;;;
"540,The Home Depot,Retailing,Tencent Binhai Mansion,""February 6, 1978";;;;;
"541,The Hershey Company,Food processing,Tencent Binhai Mansion,""February 8, 1894";;;;;
542,The Swatch Group,Watchmaking Jewellery,Tencent Binhai Mansion,1983;;;;;
"543,Tesco,Retail,Welwyn Garden City,""1919";;;;;
"544,""Tesla, Inc."",Automotive Renewable energy,13101 Tesla Road,""July 1, 2003";;;;;
"545,Tetra Pak,Food packaging,,""1951";;;;;
546,Telstra,Telecommunications,Telstra Corporate Centre,1 July 1975;;;;;
547,Texas Instruments,Semiconductors,Telstra Corporate Centre,1930;;;;;
"548,Textron,Aerospace industry Automotive industry Defense industry,""Providence, Rhode Island, US"",1923";;;;;
"549,Thomson Reuters,Mass media,""Providence, Rhode Island, US"",""April 17, 2008";;;;;
"550,Ting Hsin International Group,Food,""Providence, Rhode Island, US"",""Yongjing, Changhua, Taiwan (1958 (1958))"",Greater China region";;;;;
"551,Tissot,Watchmaking,""Providence, Rhode Island, US"",1853";;;;;
552,TKK Fried Chicken,Food,New Taipei City,20 July 1974;;;;;
553,Toshiba,Conglomerate,New Taipei City,11 July 1875;;;;;
"554,TomTom,""Consumer electronics, navigation technology"",Amsterdam,1991";;;;;
"555,Tomy,""Toys, video games, children's products and apparel"",""Katsushika, Tokyo"",""March 1, 2006";;" Takara, 1955)"",Worldwide";;;
556,TotalEnergies,Petroleum Energy,Tour Total,28 March 1924;;;;;
557,Towers Watson,Professional services,Tour Total,2010;;;;;
"558,TPG Telecom,Telecommunications,""North Sydney, New South Wales"",2009,";;;;;
"559,TDK,Electronics,""Nihonbashi, Ch??, Tokyo"",""December 7, 1935";;;;;
"560,OAO TMK,Steel industry,""Nihonbashi, Ch??, Tokyo"",2001,";;;;;
"561,Toyota,Automotive,""Nihonbashi, Ch??, Tokyo"",""August 28, 1937";;;;;
"562,Trend Micro,Computer software,""Irving, Texas"",""24 October 1988";;;;;
"563,TP-Link,Networking equipment,""Irving, Texas"",1996";;;;;
"564,TSMC,Semiconductors,""Irving, Texas"",""Industrial Technology Research Institute, Hsinchu, Taiwan (1987";;;;;
"565,Typotheque,Graphic design,""Irving, Texas"",1999,";;;;;
"566,Uber,Transportation Mobility as a service,""San Francisco, California"",March 2009";;;;;
567,Ülker,Food processing,Istanbul,22 February 1944;;;;;
568,United Microelectronics Corporation,Semiconductor Foundry,Hsinchu Science Park,1980;;;;;
569,UniCredit,Financial services,Hsinchu Science Park,1998;;;;;
570,Unilever,Consumer goods,London,2 September 1929;;;;;
571,Ubisoft,Video games,London,28 March 1986;;;;;
572,Unisys,Information technology Consulting Outsourcing,London,1986;;;;;
"573,United Airlines,Information technology Consulting Outsourcing,Willis Tower,""April 6, 1926";;;;;
"574,The Vanguard Group,Investment management,Willis Tower,""May 1, 1975";;;;;
575,Volvo,Automotive,Gothenburg,1927;;;;;
576,Vanke,Real estate,Gothenburg,1984,;;;;;
"577,Vestel,""Consumer Electronics, Home Appliances, Information Technology"",Manisa,1984,""Europe, Middle East, Central Asia""";;;;;
578,Vestas,Electrical equipment,Manisa,1945;;;;;
"579,Verisk Analytics,Data analytics and risk assessment,""Jersey City, New Jersey"",1971";;;;;
"580,Vertiv,Electrical equipment,""Columbus, Ohio"",2016";;;;;
"581,VF Corporation,Apparel Accessories,Denver,""October 1899";;;;;
582,Viettel,Telecommunication,Hanoi,1 June 1989;;;;;
"583,Victoria's Secret,Apparel,Hanoi,""June 12, 1977";;;;;
584,Victorinox,Apparel,Hanoi,1884;;;;;
585,VEON,Telecommunications,Hanoi,2009;;;;;
586,Virgin Group,Conglomerate,Hanoi,February 1970;;;;;
"587,Vitol,""Commodity, Oil & Gas"",Geneva,""1966";;;;;
"588,Vizio,Electronics,Geneva,""October 2002";;;;;
589,Vivendi,Media,Geneva,14 December 1853;;;;;
"590,Vinamilk,""Dairy products, juice"",Ho Chi Minh City,1976,Worldwide";;;;;
"591,Vodafone,Telecommunications,""Newbury, Berkshire, England, UK"",16 September 1991";;;;;
592,Voith,Mechanical engineering,Heidenheim an der Brenz,1867,;;;;;
"593,Volkswagen Group,Automotive,Heidenheim an der Brenz,""Berlin, Germany (28 May 1937";;;;;
594,The Wendy's Company,Foodservice,Heidenheim an der Brenz,1884;;;;;
595,Want Want,Food and drink,Heidenheim an der Brenz,1884;;;;;
"596,Walmart,Retail,Heidenheim an der Brenz,""July 2, 1962";;" 53 years ago (1969-10-31) in Wilmington, Delaware (incorporation)"",Worldwide";;;
"597,The Walt Disney Company,Media Entertainment,Team Disney Building,""October 16, 1923";;;;;
"598,Warner Bros. Discovery,Media Entertainment,Team Disney Building,""April 8, 2022";;;;;
"599,Wawa (company),Convenience store Gas station Fast food,Team Disney Building,""April 16, 1964";; Planned: Alabama, Georgia, Indiana, Kentucky, North Carolina, Ohio and Tennessee;" Former: New York and Connecticut""";;
"600,Whirlpool Corporation,Home appliances,Team Disney Building,""November 11, 1911";;;;;
"601,Wingstop,Restaurants,""Addison, Texas"",""1994";;;;;
602,Wipro,Conglomerate,Sarjapur Road,29 December 1945;;;;;
603,Wirecard,Financial services Payment processor Technology,Aschheim,1 January 1999 (1999-01-01),Worldwide;;;;;
604,Xiaomi,Consumer electronics Computer hardware,Haidian District,6 April 2010;;;;;
605,Xtep,Sports equipment,Haidian District,2001;;;;;
606,Yakult,Sports equipment,Haidian District,2001;;;;;
"607,Yili Group,Dairy,""Hohhot, Inner Mongolia"",1993";;;;;
"608,Yamaha Corporation,Dairy,""Hamamatsu, Shizuoka"",12 October 1887";;;;;
609,Yandex,Internet Search engine Mapping Streaming services Internet retail,Moscow,23 September 1997;; 22 years ago (2000) in Cyprus (Yandex holding company incorporated) 2007;" 15 years ago (2007) (reincorporation of holding company in the Netherlands),""Russia, Kazakhstan, Belarus, Uzbekistan, Azerbaijan, Georgia, Armenia, Israel, Turkey, Estonia, Iran""";;
"610,Yokohama Rubber Company,Manufacturing,Moscow,""October 13, 1917";;;;;
611,Yamaha Motor Company,Automotive,Moscow,1 May 1955;;;;;
"612,Yum! Brands,Foodservice,Moscow,""October 6, 1997";;;;;
613,Zara (retailer),Retail,Moscow,1975;;;;;
"614,Zensar Technologies,IT services,""Pune, India"",1991[1],";;;;;
"615,Guangzhou Zhujiang Brewery Group,Beverages,""Pune, India"",1985,Worldwide";;;;;
"616,ZTE,Telecommunications equipment Networking equipment,,""1985";;;;;
617,Zippo,Manufacturing,Bradford,1932;;;;;
"618,Zyxel,Telecommunications,Hsinchu Science Park,""1989";;;;;
